[
  {
    "name": "${task_definition_name}",
    "image": "${docker_image_url}",
    "essential": true,
    "environment": [{
      "name": "spring_profile_active",
      "value": "${spring_profile}"
    }],
    "portMappings": [{
      "containerPort": ${docker_container_port}
    }],
    "logConfiguration": {
      "logDriver": "awslogs",
      "options": {
        "awslogs-group": "${ecs_service_name}-LogGroup",
        "awslogs-region": "${region}",
        "awslogs-stream-prefix": "${ecs_service_name}-LogGroup-stream"
      }
    }
  }
]